url,short_url,sub_domain,favicon,ip
http://tools.ietf.org/html/rfc991,1,1,1,1084908074
http://d2set.free.fr/en/projects/site/RebolSiteBuilder/Rebol.html,0,1,0,3558555521
http://aeroclub.ua/upload/aol/index.html,0,1,0,1297597019
http://www.microsoft.com/presspass/exec/billg/,0,1,1,399773160
http://www.mactech.com/articles/mactech/Vol.11/11.07/PrographApp/,1,1,1,758668893
http://www.backstagesalonandspa.com/wp-ami/index.html,1,1,0,575363161
http://tools.ietf.org/html/rfc213,1,1,1,1084908074
http://habbodragaodefogo.rel7.com/,0,1,0,1075841094
http://xyqx168.com/images/?app=com-d3&amp;http:/us.battle.net/login/en/?ref=http:/tbaoletus.battle.net/d3/en/index,0,1,0,2633832596
http://www.weonlydo.com/index.asp?related=Mail,1,1,1,1535568852
http://www.faqs.org/faqs/sgi/faq/admin,1,1,0,3353846852
http://login.77865.maxkz.com/8817870d617fd49300eb69a64a8881cf/login.html,0,1,0,3342594713
http://www.geocities.com/SiliconValley/Lab/7378/fischer.html,0,1,0,1653283984
http://pastehtml.com/view/b2i243gkw.html,1,1,1,2542501898
http://sourceforge.net/projects/froofyjit/,1,1,0,3630769677
http://www.angelfire.com/tx4/PolkLonghorns/,0,1,-1,3519740969
http://www.freewebs.com/aylesburyscrabble/index.htm,1,1,-1,1745902310
http://www.freewebs.com/ryanrules2/,1,1,0,1745902310
http://www.ireland-information.com/freecelticfonts.html,1,1,0,1755883497
